"company_id","title","description"
1474,"VulnerabilityDataAnalyst","Ally Financial Inc (NYSE: ALLY) is a leading digital financial services company and a top 25 US financial holding company offering financial products for consumers, businesses, automotive dealers and corporate clients NMLS 3015  181005  https://wwwnmlsconsumeraccessorg/Allys legacy dates back to 1919, and the company was redesigned in 2009 with a distinctive brand, innovative approach and relentless focus on its customers Ally has an awardwinning online bank (Ally Bank, Member FDIC), one of the largest full service auto finance operations in the country, a complementary autofocused insurance business, a growing wealth management and  brokerage platform, and a trusted corporate finance business offering capital for equity sponsors and middlemarket companies We extend equal employment opportunities to qualified applicants and employees on an equal basis regardless of an individuals age, race, color, sex, religion, national origin, disability, sexual orientation, gender identity or expression, pregnancy status, marital status, military or veteran status, genetic disposition or any other reason protected by lawFast Companys Best Workplace for Innovators, 2021Crains Fast 50: Southeast Michigans Fastest Growing Companies, 2021Forbes Best Employers for Diversity, 2021DiversityInc Top 50 Companies for Diversity, 2021Best Places to Work for LGBTQ Equality, 2020Adweek Brand Genius Award, 2020Brand Film Best Employee Engagement Campaign, Moguls in the Making 2020AdAge Top 10 Marketers of the Year, 2019DiversityInc Noteworthy Company, 2019"
2162,"InventoryandMasterDataAnalyst","Cardinal Health is a distributor of pharmaceuticals, a global manufacturer and distributor of medical and laboratory products, and a provider of performance and data solutions for healthcare facilities With more than 50 years in business, operations in more than 30 countries and approximately 48,000 employees globally, Cardinal Health is essential to care Disclaimer: LinkedIn is a thirdparty site unaffiliated with Cardinal Health Cardinal Health is not responsible for the privacy or security policies or practices on LinkedIn or on any of the thirdparty websites that we may link to through LinkedIn You should carefully review the privacy and security practices of LinkedIn and linked thirdparty websites We do not necessarily endorse any information found here nor are we responsible for the accuracy of any information, opinions, claims, or advice found here or shared here by our followers By posting content, ideas, or pictures, you grant Cardinal Health a nonexclusive, royaltyfree, perpetual, and worldwide license to use your content and any images posted by you, including the rights to copy, distribute, transmit, display, reproduce, edit, translate, and reformat, and incorporate into a collective work Cardinal Health reserves all rights relating to the companys LinkedIn account, including removing postings and prohibiting individuals from participating on the page"
2432,"Associate,FinancialDataAnalyst","Forget what you think you know about professional services We go beyond whats expected and help others do the sameGrant Thornton is the US member firm of Grant Thornton International Ltd, one of the worlds leading independent audit, tax and advisory firms That means our network has more than 60,000 professionals in more than 135 countries who are ready to help public and private organizations of all sizes take on todays challenges But what sets us apart isnt just what we do  its how we do it Here, we believe in making business more personal and building trust into every result Were collaborators  obsessed with quality and ready for anything  who understand the value of strong relationships Its how we challenge the expectations of business and empower our people and clients to do it, too One thing we wont do Grant Thornton LLP will never request money or any form of payment for services via social media Please report any concerns at 18008103503Grant Thornton refers to Grant Thornton LLP, the US member firm of Grant Thornton International Ltd (GTIL) GTIL and the member firms are not a worldwide partnership Services are delivered by the member firms GTIL and its member firms are not agents of, and do not obligate, one another and are not liable for one anothers acts or omissions Please see grantthorntoncom for further details"
3460,"SystemsAnalystSenior(DataAnalyst)","A 23 billion health care provider and insurer, Pittsburghbased UPMC is inventing new models of patientcentered, costeffective, accountable care The largest nongovernmental employer in Pennsylvania, UPMC integrates 92,000 employees, 40 hospitals, 700 doctors offices and outpatient sites, and a 4 millionmember Insurance Services Division, the largest medical insurer in western Pennsylvania In the most recent fiscal year, UPMC contributed 14 billion in benefits to its communities, including more care to the regions most vulnerable citizens than any other health care institution, and paid more than 800 million in federal, state, and local taxes Working in close collaboration with the University of Pittsburgh Schools of the Health Sciences, UPMC shares its clinical, managerial, and technological skills worldwide through its innovation and commercialization arm, UPMC Enterprises, and through UPMC International US News  World Report consistently ranks UPMC Presbyterian Shadyside among the nations best hospitals in many specialties and ranks UPMC Childrens Hospital of Pittsburgh on its Honor Roll of Americas Best Childrens Hospitals For more information, go to UPMCcom"
3796,"FundAdministrationDataAnalyst","AllianceBernstein (AB) is a leading global investment management firm that offers highquality research and diversified investment services to institutional investors, individuals, and private wealth clients in major world markets We are one of the largest investment management firms in the world, with more than 665 billion in assets under management as of February 2023 We foster a diverse, connected, collaborative culture that encourages different ways of thinking and differentiated insights We embrace innovation to address increasingly complex investing challenges We pursue responsibility throughout our firmfrom how we work and act to the solutions we design for clients AllianceBernstein, LP does not transact or advise on any cryptocurrency or related products In addition, we do not conduct business through Facebook, WhatsApp, or any other social media Any posts on such sites are fraudulent and have not been made by AllianceBernstein, LP"
4296,"NewGradDataAnalystII","Our adventure began by changing the way people watched TV, bringing DISH to where big cable wouldnt: rural America Since then, we have reinvented ourselves and our own industry with Sling TV to give millions of consumers more choice in entertainment Today, weve officially entered the consumer wireless industry as the fourth largest wireless provider with our acquisitions of Boost Mobile, Ting Mobile and Gen Mobile  but thats just the start Were building Americas first cloudnative 5G network to transform the way we live, work and play with unlimited possibilities"
5128,"DataAnalystSurveillance","At Nasdaq, our purpose is to advance economic progress for all We power stronger economies, create more equitable opportunities, and contribute to a more sustainable world to help our communities, clients, employees, and people of all backgrounds reach their full potential Meet the NasdaqFam and learn about our purpose, culture and careers here: https://wwwnasdaqcom/about/careers "
8019,"HealthcareDataAnalyst","Milliman is among the worlds largest independent actuarial and consulting firms Founded in Seattle in 1947, Milliman has offices in key locations worldwide Through consulting practices in employee benefits, healthcare, investment, life insurance and financial services, and property  casualty/general insurance, Milliman serves the full spectrum of business, financial, government, union, education, and nonprofit organizations In addition to consulting actuaries, Millimans body of professionals includes numerous other specialists, ranging from clinicians to economists"
8019,"HealthcareDataAnalyst","Milliman is among the worlds largest independent actuarial and consulting firms Founded in Seattle in 1947, Milliman has offices in key locations worldwide Through consulting practices in employee benefits, healthcare, investment, life insurance and financial services, and property  casualty/general insurance, Milliman serves the full spectrum of business, financial, government, union, education, and nonprofit organizations In addition to consulting actuaries, Millimans body of professionals includes numerous other specialists, ranging from clinicians to economists"
11056,"DataAnalyst","Insight Global is an international staffing and services company specializing in sourcing IT, accounting, finance, healthcare, and engineering professionals and delivering servicebased solutions to Fortune 1000 clients With more than 70 office locations throughout the US, Canada, and UK, Insight Global placed more than 50,000 people in jobs in 2022 In addition to staffing services, Insight Global provides culture consulting, DEI training, specialized healthcare staffing and resources, and an array of client programs through our managed services division, Evergreen To find out more, visit wwwinsightglobalcom "
11056,"BusinessDataAnalyst","Insight Global is an international staffing and services company specializing in sourcing IT, accounting, finance, healthcare, and engineering professionals and delivering servicebased solutions to Fortune 1000 clients With more than 70 office locations throughout the US, Canada, and UK, Insight Global placed more than 50,000 people in jobs in 2022 In addition to staffing services, Insight Global provides culture consulting, DEI training, specialized healthcare staffing and resources, and an array of client programs through our managed services division, Evergreen To find out more, visit wwwinsightglobalcom "
11067,"DataAnalyst","Pinnacle Group is a leading provider of information technology and workforce solutions Pinnacle Group includes Pinnacle Technical Resources, Inc, its flagship information technology staffing and consulting services provider Pinnacle MSP, a managed services provider Pinnacle Payrolling, a payrolling and independent contractor compliance provider Pinnacle Canada, which provides staffing, MSP and payrolling services in Canada Pinnacle Group has become one of the largest providers in its industry, with over 5000 professionals providing services across the US and Canada For more information visit http://wwwpinnacle1com Apply online now at http://wwwpinnacle1com/careers/"
11637,"DataAnalyst","WEX (NYSE: WEX) is the global commerce platform that simplifies the business of running a business WEX has created a powerful ecosystem that offers seamlessly embedded, personalized solutions for its customers around the world Through its rich data and specialized expertise in simplifying benefits, reimagining mobility and paying and getting paid, WEX aims to make it easy for companies to overcome complexity and reach their full potential For more information, please visit wwwwexinccom"
12770,"AssociateDataAnalyst","UST is a global digital transformation solutions provider For more than 20 years, UST has worked side by side with the worlds best companies to make a real impact through transformation Powered by technology, inspired by people and led by purpose, UST partners with their clients from design to operation With deep domain expertise and a futureproof philosophy, UST embeds innovation and agility into their clients organizations With over 30,000 employees in 30 countries, UST builds for boundless impacttouching billions of lives in the process"
16388,"DataAnalyst","Established in 2000, LanceSoft is a Certified MBE and WomanOwned organization, and a pioneer in providing premium endtoend Global Workforce Solutions and IT Services to diverse clients across various domainsLanceSofts mission is to establish global crossculture human connections that further the careers of our employees and strengthen the businesses of our clients We are driven to use the power of our global network to connect businesses with the right people, and people with the right businesses without bias We provide Global Workforce Solutions with a human touchWe offer a gamut of services across diverse domains, categories, skill sets with varying lengths of assignments including:Temporary StaffingPermanent Staffing       SOWPayrollingRecruitment Process Outsourcing (RPO)Application Design and DevelopmentProgram/Project Management       Engineering SolutionsWith currently over 5,000 staff serving over 110 enterprise clients worldwide including Fortune companies, LanceSoft serves a wide array of industries including Banking  Financial Services, Semiconductor/VLSI, Technology, Healthcare  Life Sciences, Government, Telecom  Media, Retail  Distribution, Oil  Gas and Energy  UtilitiesLanceSoft is headquartered in Herndon, VA with 27 regional offices across the US  21 offices around the globe and five delivery centers in India  Bangalore, Indore, Noida, Baroda and Hyderabad to further serve our clients Our awards and accolades in the US Contingent Workforce space:Accredited by the Better Business Bureau (BBB)Best of Staffing Client Satisfaction 2022, 2021, 2020, 2019Best of Staffing Talent Satisfaction 2022, 2021, 20202021 Guidant Global Outstanding Performer Client Partner2020 Workforce Logiq Proven Performer 2020 SIA Largest Staffing Firms in the US2020 SIA List of Diversity Staffing Firms2022, 2021, 2020 SIA Fastest Growing US Staffing Firms 2020 SIA Largest Life Sciences Staffing Firms in the US"
28014,"DataAnalyst","Companies need talent Candidates want opportunities Thats where we come in We create meaningful connections between companies and candidates, and weve been doing it for over 60 years Time is money We take the time to understand the individual needs of employers and job seekers so we can deliver exceptional value to both We develop longterm relationships based on integrity and trustOur flexible staffing solutions include contract, contracttohire, and direct placement services We employ specialized recruiters focused in the fields of Engineering, Information Technology, Accounting  Finance, Administrative  Customer Service, and Manufacturing  Distribution"
30086,"AttackSurfaceDataAnalyst(Xpanse)","Palo Alto Networks, the global cybersecurity leader, is shaping the cloudcentric future with technology that is transforming the way people and organizations operate Our mission is to be the cybersecurity partner of choice, protecting our digital way of life We help address the worlds greatest security challenges with continuous innovation that seizes the latest breakthroughs in artificial intelligence, analytics, automation, and orchestration By delivering an integrated platform and empowering a growing ecosystem of partners, we are at the forefront of protecting tens of thousands of organizations across clouds, networks, and mobile devices Our vision is a world where each day is safer and more secure than the one before For more information, visit wwwpaloaltonetworkscom"
30117,"HumanResourceDataAnalyst(NonC2C)","Our goal is to identify and qualify the highest caliber candidates for our clients ever changing staffing needsHeadquartered in Bloomington, Illinois, we also have offices in Appleton, Wisconsin Green Bay, Wisconsin and Chicago, IllinoisFor over 30 years, STL has successfully worked with businesses in multiple industries and in many sizesfrom sole proprietorships to Fortune 50 companies Our recruiters are proficient in searching for the best possible candidates on local, regional, and national levels Tens of thousands of employees have been joined together with those businesses and their employees in successful employment relationshipsClient and candidate satisfaction come first We will always go above and beyond to guarantee your goals are metAt STL, its not about finding A Person for A Job  its about finding the Right Person, with the Right Skills, for the Right Position"
34237,"DataAnalyst","The City and County of Honolulu is the most densely populated of five counties within the state of Hawaii, with a population of approximately 905,601(2007, US Census Bureau)The City and County of Honolulu was incorporated in April 30, 1907  It adopted a charter in 1959  It is organized as a mayorcouncil type of government in which there is a separation between legislative and executive functionsThe mayor and council are located at Honolulu Hale, a landmark structure reflecting CaliforniaSpanish architecture popular in the islands during the 1920sLearn more about the City and County of Honolulu at http://wwwhonolulugov/cchnlhtmhistory"
41754,"PricingDataAnalyst","At the forefront of Talent Solutions, AccruePartners is your source for todays top talent Our proven proprietary business systems combined with an unwavering commitment elevates our company to the forefront of the recruiting industry With predictable precision, we deliver toptier talent solutions across the United States meeting the demands of a dynamic business environment for clients of all sizes from small to midsize and large, Fortune 500 companiesHeadquartered in Charlotte, NC, we have become the innovative leaders of excellence in Staffing, Search and Project Solutions for the following disciplines: Accounting  Finance, Information Technology, Marketing, Financial Services, Human Resources, Engineering  Office We serve our clients and candidates from a mature business philosophy that meets the needs of the dynamically changing workplace and worker: Our candidates become our clients and our clients become our candidates Our strategy is to place the best talent for our clients needs and to find the best position for our candidates in every search We accomplish this by building client and candidate loyalty and delivering exceptional results for every search This loyalty is what fuels our unprecedented repeat business success True to our name, AccruePartners has a long history of growth Year after year we succeed by contributing value to your business and your career This success in value creation organically expands our partnerships with new clients and candidates in the Charlotte region and now, with many of our remote and commuter workers throughout over fortyone states Behind our service is the promise for uncommon accuracy, consistency, and integrity in the Staffing and Executive Search process Our unparalleled performance is what differentiates us from the rest and it is why our clients and our candidates choose AccruePartners to make the right match for every search"
56833,"DataAnalyst","Founded in 1998 and located in Cranberry Twp, PA  SSi People is an organization with extensive staffing industry experience within several labor verticals throughout the United States for Fortune 1000 companiesWhether youre a company looking for talented people to filldemanding positions or a skilled professional looking for the rightcompany to work with and build a career, the search can seem endlessIn todays fast paced, getitdoneyesterday world of business, itsbecome harder than ever for the right people and the right companiesto come together Opportunities and qualified people often misseach other, so the search goes on At SSi People, our job is to end the search We connect companies to talent Its not easy, but its what we do best "
76959,"MasterDataAnalyst","At Quanex, our customers success is our priority Whether seeking a special component to bring a new product to market, technical support to make a production process more efficient, or creative marketing support to drive awareness, we have the knowledge base and experience to lead the largest and smallest providers to success With unparalleled expertise in energy efficiency and sustainability standards, integrated systems design and product development, marketing, production equipment and processes, we enhance the value our customers can offer to their customers Quanex works hard to listen to customers and anticipate future needs Our vision is to be the supplier of choice in the markets we serve and we are committed to Building Strength in our people, systems and processes"
85962,"SeniorDataAnalyst","Viridos is a privately held biotechnology company harnessing the power of photosynthesis to create transformative solutions to mitigate climate change Our unparalleled understanding of algal genetics and ability to translate innovation from lab to field underpins our initial deployment: a scalable platform to produce lowcarbon intensity biofuels for aviation, commercial trucking, and maritime shipping Building on a legacy of genomic firsts, our team of scientists and engineers are shaping new pathways toward a sustainable bioeconomy To learn more, visit us at Viridoscom "
153742,"DataAnalyst(USCitizenHealthcareExp)Required","IRON Systems is a leading provider of integrated information technology solutions and lastmile supply chain services to the global Data Center, Edge Computing, Telecom and IoT Infrastructure and adjacent industries Focused on enabling endtoend lastmile global commerce, we provide highly scalable solutions to our customers in more than 100 countries around the world, serving over 800 metros and 100,000 business locations as well as most IT infrastructure manufacturer  software vendors By leveraging our proprietary digital operating system platform, we integrate and automate all parts of supply chain business processes as SLAdriven managed services This includes ondemand workforce marketplace, OEM  integration centers, import/export, logistics, warehousing, and maintenance of computing infrastructuresFounded in 2002, IRON has regional offices in over 20 countries, and is headquartered in Fremont, California, USA"
162650,"DataAnalystIII","Every day, the people of Battelle apply science and technology to solving what matters most At major technology centers and national laboratories around the world, Battelle conducts research and development, designs and manufactures products, and delivers critical services for government and commercial customers Headquartered in Columbus, Ohio since its founding in 1929, Battelle serves the national security, health and life sciences, and energy and environmental industries For more information, visit wwwbattelleorg"
163578,"SeniorSupplyChainDataAnalyst","Edwards Lifesciences (NYSE: EW), is the global leader in patientfocused medical innovations for structural heart disease, as well as critical care and surgical monitoring We thrive on discovery and expanding the boundaries of medical technology, serving patients in 100 countries, with the help of our employees in areas including Clinical Affairs, Quality Engineering, Research  Development, Regulatory Affairs, Sales  Marketing, corporate functions and moreOur roots date back to 1958 when Miles Lowell Edwards, a retired engineer with a background in hydraulics and fuel pump operations, set out to build the first artificial heart Edwards believed the heart could be mechanized and was encouraged by Dr Albert Starr to focus on developing an artificial heart valve After just two years, the first StarrEdwards mitral valve was developed and successfully placed in a patient This innovation spawned Edwards Laboratories Miles fascination with healing the heart and helping patients with heart disease stemmed from his own experience with rheumatic fever as a teenager and continues to fuel our patientfirst culture todayToday, we are as passionate about providing innovative solutions for people fighting cardiovascular disease as we have ever been Its our Credo It takes integrity, collaboration, innovation, and focus We are leaders in the design and manufacture of tissue replacement heart valves and repair products as well as advanced hemodynamic monitoring We partner with physicians to innovate products designed to help patients live longer, healthier, and more productive livesOur work is both rewarding and a privilege The importance of what we do defines our approach We work together to create an environment where ideas can flourish and we provide our people with the resources, expertise and support to bring those ideas to lifeFor our legal terms and trademarks, please visit: https://wwwedwardscom/legal/legalterms "
163662,"LegalStudentEmployeeOperationsDataAnalyst","Founded in 1972, EPRI is the worlds preeminent independent, nonprofit energy research and development organization, with offices around the world EPRIs trusted experts collaborate with more than 450 companies in 45 countries, driving innovation to ensure the public has clean, safe, reliable, affordable, and equitable access to electricity across the globeExplore EPRIs research across the Nuclear, Generation, and Power Delivery and Utilization sectors ranging from decarbonization to grid modernization to low carbon resources"
164664,"RCMDataAnalyst","Clear and confident health care decisions begin with questions At Labcorp, were constantly in pursuit of answers With unparalleled diagnostics and drug development capabilities, we accelerate innovation and provide insight to improve health and improve lives Whether youre a patient, provider, researcher or in the pharmaceutical industry, were here for you More than 70,000 employees strong, we serve clients in more than 100 countries Labcorp (NYSE: LH) reported revenue of 14 billion in FY 2020Learn more at wwwLabcorpcom"
167212,"SeniorDataAnalysteCommerce","Crunchyroll connects anime and manga fans across 200 countries and territories with the content and experiences they love In addition to free adsupported and subscription premium content, Crunchyroll serves the anime community across events, theatrical, games, consumer products, collectibles and manga publishing Anime fans have access to one of the largest collections of licensed anime through Crunchyroll and translated in multiple languages for viewers worldwide Viewers can also access simulcasts  top series available immediately after Japanese broadcast The Crunchyroll app is available on over 15 platforms, including all gaming consolesCrunchyroll, LLC is an independently operated joint venture between USbased Sony Pictures Entertainment, and Japans Aniplex, a subsidiary of Sony Music Entertainment (Japan) Inc, both subsidiaries of Tokyobased Sony Group Corporation"
259589,"DataAnalyst","IDR, Inc is an awardwinning, employeeowned staffing firm with headquarters in Alpharetta, GA and offices in the Nashville, Dallas, and Denver markets Founded in 1998, IDR has grown to serve businesses and professionals across industries including IT, healthcare, government services, and professional servicesRecognized for our expertise and the hightouch approach of our Engagement Management Program, IDR continues to build rewarding partnerships with companies and consultants Our bestinclass service has earned IDR ClearlyRateds Best of Staffing Client and Talent Diamond awards for ten consecutive years, in addition to awards from Staffing Industry Analysts, ClearlyRateds Best Staffing Firms for Women, and Best and Brightest Companies to Work ForWith our commitment to empowering talent and developing leaders, were passionate about what we do and how we do it, and we look forward to working with you "
259589,"SeniorDataAnalyst","IDR, Inc is an awardwinning, employeeowned staffing firm with headquarters in Alpharetta, GA and offices in the Nashville, Dallas, and Denver markets Founded in 1998, IDR has grown to serve businesses and professionals across industries including IT, healthcare, government services, and professional servicesRecognized for our expertise and the hightouch approach of our Engagement Management Program, IDR continues to build rewarding partnerships with companies and consultants Our bestinclass service has earned IDR ClearlyRateds Best of Staffing Client and Talent Diamond awards for ten consecutive years, in addition to awards from Staffing Industry Analysts, ClearlyRateds Best Staffing Firms for Women, and Best and Brightest Companies to Work ForWith our commitment to empowering talent and developing leaders, were passionate about what we do and how we do it, and we look forward to working with you "
280603,"DataAnalyst","Were specialists in data talent solutions, catering to all levels of seniority and expertise With a wealth of experience in talent acquisition and data, were the perfect partner to help you establish or enhance your organizations data teamOver the past two decades, weve developed into the leading global authority in data recruitment, boasting a team of hundreds of specialists across the United States, Europe, and the United KingdomOur five core services:Attract, Train, Deploy (ATD): Rockborne, is our graduate development arm We nurture and deploy highly skilled data consultants through a rigorous 13week training program, tailormade for data teams by seasoned data professionalsContract Workers: Whether youre addressing a talent shortage, augmenting a project team, or encountering resource gaps, our specialist consultants offer bespoke interim talent solutions to address your unique challenges and drive successFullTime Employees: From early career professionals to senior management, our comprehensive services enable you to unearth outstanding data talent across various specializations, ensuring your organization thrives in the datadriven eraExecutive Search: With our dedicated executive search team and an extensive network encompassing the director to Csuite level, we assist both global corporations and ambitious startups in securing toptier leadership talent to accomplish their goalsUpskilling  Data Training: Utilising Rockbornes data coaching team to elevate your teams data expertise with our allencompassing training programs covering essential tools and technologies such as Python, SQL, and machine learning This empowers your workforce to excel in todays datadriven business landscape"
280603,"DataAnalyst","Were specialists in data talent solutions, catering to all levels of seniority and expertise With a wealth of experience in talent acquisition and data, were the perfect partner to help you establish or enhance your organizations data teamOver the past two decades, weve developed into the leading global authority in data recruitment, boasting a team of hundreds of specialists across the United States, Europe, and the United KingdomOur five core services:Attract, Train, Deploy (ATD): Rockborne, is our graduate development arm We nurture and deploy highly skilled data consultants through a rigorous 13week training program, tailormade for data teams by seasoned data professionalsContract Workers: Whether youre addressing a talent shortage, augmenting a project team, or encountering resource gaps, our specialist consultants offer bespoke interim talent solutions to address your unique challenges and drive successFullTime Employees: From early career professionals to senior management, our comprehensive services enable you to unearth outstanding data talent across various specializations, ensuring your organization thrives in the datadriven eraExecutive Search: With our dedicated executive search team and an extensive network encompassing the director to Csuite level, we assist both global corporations and ambitious startups in securing toptier leadership talent to accomplish their goalsUpskilling  Data Training: Utilising Rockbornes data coaching team to elevate your teams data expertise with our allencompassing training programs covering essential tools and technologies such as Python, SQL, and machine learning This empowers your workforce to excel in todays datadriven business landscape"
388480,"AssociateDataAnalystAnalyticsandInsights","ASK Consulting is an awardwinning technology and professional services recruiting firm servicing Fortune 500 organizations nationally With 5 nationwide offices, two global delivery centers, and employees in 42 states, ASK Consulting connects the most talented people with exceptional opportunitiesWere a global recruiting firm, servicing some of the worlds largest enterprises and corporations We provide the most groundbreaking candidates in the IT, accounting, finance, legal and pharmaceutical sectors, ensuring our clients always have the best talent for their businessASK Consulting is an equalopportunity employer We celebrate diversity and are committed to creating an inclusive environment for all associates ASK was acquired from its founders in 2008 We now have over 12 years of working together, expanding and developing our organization into the global recruitment firm it is todayWe are proud to have built a brand that exceeds expectations in terms of customer service and success The core of our business is the deliveryWhat makes us unique is that we have never, and will never, use a cookiecutter approach with our staffing All our services are bespoke to our clients We customize and adapt for your specific needs, in terms of approach and technologyThere are three aspects to our business that ASK always ensures are prioritized: The candidate experience The client experience The employee experienceWe hire the best people Thats how we know they will find you the best people"
590130,"SeniorDataAnalyst","At MSRcosmos, we believe in the power to inspire and shape businesses and communities through technology With a global network of strategic partners and extensive expertise in Cloud, Data/AI, Applications, and Automation, our products, services, and solutions help companies transform their businesses  over 300 organizations across the globe have experienced it   With 2000 employees in 16 offices, spread across 4 continents, we shape our customers future by delivering on our promises, ultimately returning value to society  Headquartered in the US, MSRcosmos has a strong presence in the US, India, and Australia For more details, please visit: https://wwwmsrcosmoscom/ "
613812,"DataAnalyst","Avance Consulting is a global organization focused on delivering innovative talent solution services to some of the most renowned companies in the world, across industries that include Information Technology, Financial Services, Media and Entertainment, Telecom, FMCG, and HealthcareOur deep understanding of the domains that we focus on is our key strategic differentiator Our team of over 600 professionals are from a range of distinct industry sectors and utilize their vast professional networks and business knowledge to deliver the perfect solution and services to our client, first time and every time  We understand that our clients have unique organizations which require creative, timely solutions, as well as specialized resources to work with them,  adding real impact to their top and bottom line We closely monitor the pulse of the market and constantly evolving technologies with our indepth research and publish updates about the state of top trending technology, talent intelligence, compensation benchmarks across industries and other essential talentrelated insights, giving an insiders perspective to both companies and candidates in the form of reports Avance Consulting gets a Facelift Our new look embodies our commitment to superior service, data security, and flexibility"
624581,"SrDataAnalyst","Empowering your financial institution to compete with megabanks digital capabilities and winAlkami Technology, Inc is a leading cloudbased digital banking solutions provider for financial institutions in the United States that enables clients to grow confidently, adapt quickly and build thriving digital communities Alkami helps clients transform through retail banking and business banking, digital account opening, loan origination, and multipayment fraud prevention solutions To learn more, visit wwwalkamicom"
786063,"DataAnalyst","none"
848818,"SeniorDataAnalyst","For over 20 years, as a locally owned and Twin Cities based search firm, Ambrion has leveraged our expertise in accounting and finance We deliver personalized service with a commitment to act in the best interest ofboth clients and candidates in order to achieve success"
969049,"DataAnalyst,RiskManagement","About American IntegrityAmerican Integrity Insurance, the premier writer of Florida homeowners insurance, has more than 300,000 customers and is exclusively represented by more than 1,000 independent agents who specialize in this complex and everevolving market We offer sound and comprehensive home, condo, rental property and manufactured home insurance to families throughout the Sunshine State American Integrity is comprised of over 240 insurance professionals, most of whom work in our Tampaarea headquarters We have consistently been recognized as a Top Place to Work in Tampa by the Tampa Bay Times and a Best Place to Work in Insurance by Business Insurance magazine  awards that celebrate a workforce and culture that embody the companys core values  integrity, commitment, teamwork, humility, passion and fun  and exemplify our focus on doing the right thing, each and every day A Day in the Life:  Who Says Insurance Cant Be FunFrom company picnics to charity events, no one can ever say American Integrity Insurance doesnt understand the importance of having fun, helping others and giving back Our company culture is priceless, and we hold true to our six core values:  integrity, commitment, teamwork, humility, passion and fun As a team working to provide home insurance solutions to our policyholders, together we aim to achieve greater heights each day and celebrate each others accomplishments along the way It is our mission to continue providing reliable, customercentric homeowners insurance to Florida residents and paying claims in a timely manner when our customers suffer a loss  and to do so with Integrity Learn more about American Integrity Insurance and our job opportunities at wwwaiifloridacom"
1088079,"SeniorDataAnalyst","Sungrow Power Supply Co, Ltd (Sungrow) is the worlds most bankable inverter brand with over 405 GW installed worldwide as of June 2023 Founded in 1997 by University Professor Cao Renxian, Sungrow is a leader in the research and development of solar inverters with the largest dedicated RD team in the industry and a broad product portfolio offering PV inverter solutions and energy storage systems for utilityscale, commercial  industrial, and residential applications, as well as internationally recognized floating PV plant solutions, NEV driving solutions, EV charging solutions and renewable hydrogen production systems With a strong 26year track record in the PV space, Sungrow products power over 150 countries worldwide Learn more about Sungrow by visiting wwwsungrowpowercom"
1124131,"DataAnalystII,BusinessOperationsMonetization","Pinterests mission is to bring everyone the inspiration to create a life they love Its the biggest dataset of ideas ever assembled, with over 200 billion recipes, home hacks, style inspiration and other ideas to try More than 430 million people around the world use Pinterest to dream about, plan and prepare for things they want to do in life"
1286746,"ManufacturingDataAnalyst","Senox Corporation is a leading manufacturer and supplier of seamless gutter products for residential and light commercial construction We are committed to fulfilling the needs of seamless gutter contractors every day with reliable parts coupled with quick and accurate service We will have what you need when you need it, getting you back on the job quicker than any other rain gutter supplierWe manufacture all of the components of seamless gutter systems in 26 Traditional, 1 Duel Tone, and 3 Armor Tough Painted Aluminum colors, as well as Galvalume Plus Steel and Solid Copper premium metals We carry a complete inventory of 5, 6, and 7 KStyle/OG gutter products and 6 Half Round gutter products in all 30 Senox colors, Galvalume Plus, and CopperSenox Corporation also offers the most comprehensive gutter machine service to all customers, helping keep your gutter machine on the road producing quality product Contact us today for all your seamless rain gutter needs"
2620735,"DataAnalyst,RealTimeSupplyManagement(Hybrid)","Lyft was founded in 2012 by Logan Green and John Zimmer to improve peoples lives with the worlds best transportation, and is available to approximately 95 percent of the United States population as well as select cities in Canada Lyft is committed to effecting positive change for our cities by offsetting carbon emissions from all rides, and by promoting transportation equity through shared rides, bikeshare systems, electric scooters, and public transit partnerships"
1374246,"DataAnalyst","Itemize Corp delivers AI Financial Copilots for Controllers and CFOs Itemize has read, understood, and transformed nearly 100 Million documents from 25 markets and 15 languages Itemizes Financial AI platform unlocks transformative benefits enabled by lineitem intelligence: 75 reductions in manual data entry and clerical workflow labor Innovative analytics and intelligence that enable CFOs to increase efficiency and profitability Improved employee job satisfaction via AI Copilots that handle tedious work Itemize is the only Global AI Platform Transforming Controller Operations by harnessing LineItem Data sourced from diverse documents, and data sets to power unique solutions that deliver unrivaled task automation and advanced analytics for CFOs and Controllers"
1376946,"SeniorMarketingDataAnalyst","AP helps power a universitys online programs Our partners do what they do bestteach studentswhile we help by providing support services In each of APs relationships with universities, there is a shared commitment to student success At the same time, there is a clear delineation of roles between AP and the university partner, which corresponds to the core competencies of each"
2113831,"OCMDataAnalyst(Remote)","GovCIO was founded with a single purpose to transform government IT We help government work betterUsing a holistic perspective, Agile methods, and latest advancements in IT, GovCIO addresses the most pressing challenges facing government organizations todayOur teams, comprising industry, military, and government veterans, deliver high value IT solutions and services that optimize how our government customers operate This allows them to focus on whats really important serving the needs of citizensFrom the US military to Health and Human Services, we keep our customers at the forefront of digital innovation allowing them to thrive today while preparing them to tackle any challenge the future may bringLearn more about us and what we do at GovCIOcom"
2183652,"SearchEngineOptimizationDataAnalyst",NULL
2283870,"DataAnalyst","DataStaff, Inc (DSI), founded in 1998, is a small North Carolina womenowned business DSI is a fullservice staffing company that places highlevel, reliable contract, contract to hire and permanent positionsTo help clients meet evolving goals and challenges, especially in regards to human service technology, we provide technology integration solutions such as MMIS and HIEWe have a long history of providing strong IT talent and solutions to our clients, but we pride ourselves most on our dedication in providing detailed attention to our clients to provide the best fit for their organization, in staff or solutionsOur client base includes:Fortune 1000 Corporations, Government Agencies (Federal, State, Local and County), Financial and Banking Industries (Business and IT), Healthcare Institutions, Telecommunications  Manufacturing, Education, Insurance Industry and Retail Businesses"
2494361,"DataAnalyst","NTT DATA Services is a recognized leader in IT and business services including cloud, data and applications A division of NTT DATA headquartered in Texas, the company leverages consulting and deep industry expertise to help clients accelerate and sustain value throughout their digital journeys NTT DATA  a part of NTT Group  is a trusted global innovator of IT and business services headquartered in Tokyo We help clients transform through consulting, industry solutions, business process services, digital  IT modernization and managed services in over 50 countries"
2502526,"DataAnalyst","Translating data science into meaningful marketing There are lots of strategies for reaching your customers and prospects with timely, relevant athome marketing We help you find the most targeted options Providing powerful analysis is essential in todays market Combining it with a firm understanding of retailing and handson service like ours is a winning combination that delivers a single, streamlined experience for all your multichannel needsVisit us today at lsdirectcomProud member of:NEMOA (National Etailing and Mailing Association of America)ANA (Association of National Advertisers)ATTA (Adventure Travel Trade Association)"
3342169,"DataAnalystRemote","Radiant Systems, Inc is , a Global Software and Services company founded in 1995 Radiant Specializes in providing Staff Augmentation, SOW, Consulting, Payrolling services to a broad range of industry verticals Radiant has been in operations for over 2 decades, with more than 1300 employees globallyWe are HQ in South Plainfield NJ with 10 offices in USA and presence in Canada, UK, Netherlands, Swizterland  India We have been providing services with Streamlined Process, Quality and with Customer Centric Approach by leveraging relationships and partnerships in various industry verticals We believe in order for our business practices to succeed in industry, we provide intellectual capital and proven methodologies through our business modelRadiants clients include 30 of the top Fortune 500 global corporations Radiant is committed to Recruiting  Staffing excellence, with its benchmarking and best practices eliminating inefficiencies in sourcing and managing contingent labor Radiants with its Core Competence in Professional Staffing has acquired unique capabilities to deliver optimal workforce and efficiently meet our clients needs "
3342169,"regulatoryaffairsPostMarketDataAnalystRemote","Radiant Systems, Inc is , a Global Software and Services company founded in 1995 Radiant Specializes in providing Staff Augmentation, SOW, Consulting, Payrolling services to a broad range of industry verticals Radiant has been in operations for over 2 decades, with more than 1300 employees globallyWe are HQ in South Plainfield NJ with 10 offices in USA and presence in Canada, UK, Netherlands, Swizterland  India We have been providing services with Streamlined Process, Quality and with Customer Centric Approach by leveraging relationships and partnerships in various industry verticals We believe in order for our business practices to succeed in industry, we provide intellectual capital and proven methodologies through our business modelRadiants clients include 30 of the top Fortune 500 global corporations Radiant is committed to Recruiting  Staffing excellence, with its benchmarking and best practices eliminating inefficiencies in sourcing and managing contingent labor Radiants with its Core Competence in Professional Staffing has acquired unique capabilities to deliver optimal workforce and efficiently meet our clients needs "
3573533,"CreditDataAnalystII","Lendmark Financial Services is a communitybased consumer finance company that specializes in providing direct and indirect personal loans, automobile loans, debt consolidation loans, and merchant retail sales financing services Lendmark has 500 branch locations in 19 states Our hybrid branch plus online digital experience allows us to offer the best personalized service to help meet your financial needs for planned and unplanned life events Our caring and professional staff make borrowing easy, convenient, and affordable We will quickly review your financial picture and give you the best possible rates and terms available We will work with you to provide monthly payments that fit your budgetAs an employer of choice, we offer a unique and thriving culture with clear career paths for personal and professional growth Check out our career opportunities to be a part of our proud Lendmark team"
5064123,"PhysicianAssistantorNursePractitionerClinicalDataAnalyst","With 37,000 colleagues, Hartford HealthCares unified culture enhances access, affordability, equity and excellence Its caredelivery system  with nearly 500 locations serving 185 towns and cities  includes two tertiarylevel teaching hospitals, an acutecare community teaching hospital, an acutecare hospital and trauma center, three community hospitals, a behavioral health network, a multispecialty physician group, a clinical care organization, a regional home care system, an array of senior care services, a mobile neighborhood health program and a comprehensive physical therapy and rehabilitation network On average, Hartford HealthCare touches more than 17,000 lives every single day The unique, systemwide Institute Model offers a unified high standard of care in crucial specialties at hospital and ambulatory sites across Connecticut offering unparalleled excellence at the most affordable cost The institutes include: Ayer Neuroscience, Behavioral Health, Cancer, Digestive Health, Heart and Vascular, Orthopedics and Tallwood Urology  Kidney Visit Hartford HealthCare at wwwHartfordHealthCareorg and stay connected"
7600398,"DataAnalyst","EROS Technologies Inc workforce solutions are basically the recruitment, examination, selection, or placement and utilization of employees to staff Government organizations Many options and methods are available to managers to fill their positions within their organizations The most common method is filling positions through:Headquartered in Lewes, DelawareWhether the business demands a single, focused IT strategy or a comprehensive blend of IT services, EROS Technologies is able to deliver solutions that transcend the constraints of technology and location, effectively strengthening and preparing companies in key areas that include: virtualization, data protection, disaster recovery, and data center efficiency EROS Technologies offers a comprehensive portfolio of expertise aimed at advancing the capabilities of our customers missioncritical computing environments We have a large and diverse base of customers throughout the United States, representing a crosssection of industries and sizes ranging from Fortune 100 companies to startups With IT technical support services that encompass over 10 years of expertise, EROS Technologies is a single source of accountability for multivendor support, providing 24x7x365 IT support Additionally, EROS Technologies offers strategic IT consulting services and project management assistance to support people, processes, and technologies surrounding the data center Our holistic approach to assessing IT environments provides actionable analysis and recommendations to advance IT initiatives"
9251256,"FinancialDataAnalyst(Python)","EquipmentShare is a nationwide equipment and digital solutions company serving the construction industry Were on a mission to give contractors and construction companies build with control thanks to our T3 technology platform and equipment rental, retail and service solutionsWere more than an equipment rental company We share cloudconnected technology and equipment solutions that simplify construction workWere always looking for curious, hardworking problemsolvers to add to our team Check out our open positions and apply at equipmentsharecom/careersFor more updates: T3techTwitter: equipmentshareInstagram: equipmentshareFacebook: facebookcom/equipmentshareWebsite: equipmentsharecom"
10399839,"EligibilityDataAnalyst3219","GRAIL is a healthcare company whose mission is to detect cancer early, when it can be cured GRAIL is focused on saving lives and improving health by pioneering new technologies for early cancer detection The company is using the power of nextgeneration sequencing, populationscale clinical studies, and stateoftheart computer science and data science to overcome one of medicines greatest challenges with Galleri, GRAILs multicancer early detection blood test With this proprietary technology, GRAIL is also developing solutions to help accelerate cancer diagnoses, bloodbased detection for minimal residual disease, and other postdiagnostic applications GRAIL is headquartered in Menlo Park, California, with locations in Washington, DC, North Carolina, and the United Kingdom It is supported by leading global investors and pharmaceutical, technology, and healthcare companies For more information, please visit grailcomCommunity Guidelines: https://bitly/3xigb24 "
10478788,"DataAnalyst,ImmediateOffice(ReqNo2023140)Closes11/17/2023","The Office of the Attorney General (OAG) is the chief legal office of the District of Columbia OAG is charged with enforcing the laws of the District and promoting the public interest OAGs mission is to provide the District government with the highest level of legal advice and service, and to promote the interest of District residentsWith nearly 340 attorneys and 300 staff members dispersed throughout 28 subordinate agencies, OAG is one of the largest law offices in the District of Columbia and the 10th largest Attorney Generals Office in the nation Due to the unique status of the District of Columbia, which involves aspects of state, county and city government functions, the legal work conducted by The Office of the Attorney General (OAG) is divided among 12 divisions: Child Support Services Division Civil Litigation Division Commercial Division Family Services Division Legal Counsel Division Office of Consumer Protection Office of the Solicitor General Public Advocacy Division Public Interest Division Public Safety Division Personnel, Labor  Employment Division Support Services DivisionFor a full list of current job openings, visit http://1usagov/1OUhPGG"
10496448,"ProductDataAnalyst","Multi Media is a fullservice provider of live streaming video platforms and online community forums We do not only offer a product but an innovative thinking that offers a unique approach, resulting in business growth and brand transformationUsing Multi Medias Live video platform our clients can engage and interact with their audiences using high quality video content in realtime Multimedias proprietary platforms fully support outofbox customizable, high definition (HD), adaptive bitrate, and live streaming capabilities Multimedias allinone flexible solution allows businesses of all size to hit the ground running with an adaptable and unique live streaming strategy Multimedias customizable platforms create a destination for your audience and provide the foundation for exciting live interaction and social engagement Platforms can be configured to allow advertising capabilities based upon various parameters and metrics as wellThrough digitally led strategic solutions, our unique concept provides accelerated results, which transform a companys bottom line"
10577525,"PowerBIDataAnalyst(Remote)","The CARIAN Group (CARIAN) is a New Jerseybased WBE professional services firm providing Program/Project Management, Construction Management, PMO, Project Controls, Risk Management, and Data Analytics services CARIANs team of experienced professionals provides consulting expertise in setting up capital program portfolios, program and project delivery, and implementing organizational best practices for our customers As a diverse supplier, we are proud of our commitment to providing an inclusive culture for women, veterans, and underrepresented minorities Our talented and diversified staff offers sustainable solutions to your most pressing business needs CARIAN has a proven track record of working with several Fortune 500 customers across the Northeast and MidAtlantic We provide services to clients in the utility, transportation, infrastructure, local, state, and federal sectors, with offices in New Jersey, New York, Pennsylvania, Maryland, Delaware, Washington DC, and GeorgiaOur mission is to build rewarding, sustained relationships with our clients through quality engagements while contributing to the longterm sustainability of the communities that we serve "
11354230,"BusinessDataAnalyst","Pacer is your premier partner of all of your Staffing NeedsWe manage End to End Workforce Solutions for our clients in array of industriesPacer provide true vendor neutral Managed Services Program for client of any size Diversity:Pacer Staffing is Minority Woman owned Company We provide Staffing and workforce solutions nationally"
11789090,"DataAnalyst","The Municipal Employees, Officers and Officials Benefit Fund of Chicago (Fund) was created in 1921 by the Illinois General Assembly The Fund is a pension trust fund of the City of Chicago and is administered under Chapter 40, Act 5, Articles 1, 8, and 20 of the Illinois Compiled Statutes (Statutes) The Fund is a defined benefit multiemployer Fund The Illinois State Legislature is the governing body that sets benefit levels, as well as employer and employee contributionsThe fair value assets as of December 31, 2022, are 395 billionAs of December 31, 2022, the  Fund had 35,369 contributing members and administered benefits to 25,894 annuitants and their beneficiaries"
14580269,"DataAnalyst","Exarca Inc serves the technology consulting and staffing industry We stand for stability, strength, breadth of experience and national reach We owe our success to the high caliber consultants we place and the top quality service we provide to our clients It is our people both consultants and staffing specialists who generate the successful results Exarca Inc is currently headquartered in 101 E Park Blvd, Suite 600 Plano, TX 75074 USAOur staffing specialists bring direct experience in the industries they serve, a knowledge base that is constantly updated with their involvement in their professions and their communities Paired with a disciplined process of understanding the business needs of each hiring organization, identifying the best consultants and making the right match, they deliver both exceptional service and results"
15167200,"DataAnalystRemote/Contract","Geomagical Labs is crafting advanced technology into a magical user experience, for a giant business opportunity neglected for decades  We are founders of pioneering startups, designers of awardwinning apps, celebrated researchers, inventors of novel vision technologies, graduates of top universities"
15897635,"MSSupport/VBAAccessDataAnalyst","FreeAlliancecom LLC provides an acrosstheboard selection of IT services that combine to deliver complete, fully integrated solutions that streamline operations, reduce costs, and provide clients with the best possible return on their investments SBA 8(a) Certified, EDWOSB  17 years of successful performance  Among the 2018 Inc 5000 list of the fastestgrowing private companies in America  90 revenue generated from Prime Contracts 90 Cleared Personnel  Subject Matter Expert"
16198010,"NextGenerationDataAnalyst(Onsite,NYC)","DXC Technology (NYSE: DXC) helps global companies run their missioncritical systems and operations while modernizing IT, optimizing data architectures, and ensuring security and scalability across public, private and hybrid clouds The worlds largest companies and public sector organizations trust DXC to deploy services to drive new levels of performance, competitiveness, and customer experience across their IT estates Learn more about how we deliver excellence for our customers and colleagues: https://wwwdxccomTwitter: https://wwwtwittercom/dxctechnologyFacebook: https://wwwfacebookcom/DXCTechnologyYoutube: https://wwwyoutubecom/DXCTechnologyInstagram: https://wwwinstagramcom/dxctechnology"
16198921,"2024SummerInternDataAnalyst(Remote)","Were Brighthouse Financial We are on a mission to help people achieve financial security As one of the largest providers of annuities and life insurance in the US, we specialize in products designed to help people protect what theyve earned and ensure it lasts We are built on a foundation of experience and knowledge, which allows us to keep our promises and provide the value they deserveWe are proud to be a FORTUNE 500 company trusted by over 2 million customers and with over 2 million annuity contracts and life insurance policies in forceSee our social media guidelines here: https://wwwbrighthousefinancialcom/support/socialmediaguidelines Data as of June 30, 2022 Assets ranked by 2022 admitted assets Bests Review: Top 200 US Life/Health Insurers AM Best, 2023 Brighthouse Financial, Inc is the ultimate parent company of the Brighthouse Financial operating insurance companies FORTUNE 2023 FORTUNE Media IP Limited FORTUNE is a trademark of FORTUNE Media IP Limited and is used under license FORTUNE and FORTUNE Media IP Limited are not affiliated with, and do not endorse the products or services of, Brighthouse FinancialAnnuities and life insurance are issued by, and product guarantees are solely the responsibility of, Brighthouse Life Insurance Company, Charlotte, NC 28277 and, in New York only, by Brighthouse Life Insurance Company of NY, New York, NY 10017 (Brighthouse Financial) Variable products are distributed by Brighthouse Securities, LLC (member FINRA) All are Brighthouse Financial affiliated companies 2023 Brighthouse Financial, Charlotte, NC 28277 Brighthouse Financial and its design are registered trademarks of Brighthouse Financial, Inc and/or its affiliates"
18425303,"SupplyChainDataAnalyst","Charter Communications, Inc (NASDAQ:CHTR) is a leading broadband connectivity company and cable operator serving more than 32 million customers in 41 states through its Spectrum brand Over an advanced communications network, the company offers a full range of stateoftheart residential and business services including Spectrum Internet, TV, Mobile and VoiceFor small and mediumsized companies, Spectrum Business delivers the same suite of broadband products and services coupled with special features and applications to enhance productivity, while for larger businesses and government entities, Spectrum Enterprise provides highly customized, fiberbased solutions Spectrum Reach delivers tailored advertising and production for the modern media landscape The company also distributes awardwinning news coverage, sports and highquality original programming to its customers through Spectrum Networks and Spectrum Originals  More information about Charter can be found at corporatechartercom To view our privacy policy, please visit: https://wwwspectrumcom/policies/yourprivacyrights"
18425407,"SeniorDataAnalyst","Dynamite Jobs launched in 2017 with the aim to showcase unique jobs from companies with remotefirst culturesSince that time, weve helped 1000s of job candidates find meaningful employment with exceptional companiesWhen the worlds eyes turned towards the remotework trend in 2020, we grew our team to include worldclass technical and recruiting leads Our task now is to build beyond the job board, with an eye towards efficient recruiting services, intelligent job promotional campaigns, and a platform that empowers great job candidates"
31561375,"SeniorDataAnalyst(Onsite)","SpringHead is an offshore recruitment and sourcing service provider Let it be recruitment data cleaning to staffing service, we have a solution for you"
35566147,"SeniorDataAnalyst","Frontdoor is a company thats on a mission to make home ownership simple We have the culture and drive of a billiondollar startup, and are committed to transforming the home services industry Our company has more than 50 years of unmatched expertise as the nations largest provider of home service plans Last year, we responded to more than four million service requests from customers who depend on us for financial protection and professional repairs when a covered item breaks down At Frontdoor, we wake up every day and obsess about how to take the hassle out of our customers lives Were inquisitive and innovative, never satisfied with the status quo We solve problems and make lives better, and enjoy what we do Our leadership team has a dynamic mix of experience in disrupting industries, changing how consumers receive products and services, creating leading digital platforms, and ensuring a worldclass customer experience They dont just talk about culture, they live it, and its one of ownership, accountability, problem solving, and doing great things every day Our family of brands includes American Home Shield (the home warranty plan industry founder and leader), HSA, Landmark and OneGuard We serve more than two million customers across the US through a network of approximately 17,000 prequalified contractor firms that employ over 60,000 technicians"
56581630,"SeniorHumanResourcesDataAnalyst(SeniorManagementSystemsAnalyst)","Seattle Department of Transportation (SDOT) is a government administration company based out of 700 5TH AVE, Seattle, Washington, United StatesSDOT is a nationally recognized municipal transportation agency at the leading edge of multimodal transportation  In our quickly growing city, accessibility, safety, affordability, and reliability  are top of mind for us every day Our core values drive our work toward creating an equitable, sustainable, and vibrant city for all SDOTs core responsibilities include maintenance and operations of the citys transportation rightofway, the expansion of the citys bicycle and pedestrian network, care of over 240 bridges, permitting use of public spaces and enhancing access to the regional transit system With approximately 1,200 dedicated staff, SDOT maintains an operational presence 24 hours a day, 7 days a week, in all weather conditions to serve and ensure Seattles public mobility"
64259963,"SeniorDataAnalyst","At Trane Technologies, we challenge possible by thinking bigger, acting bolder and taking actions that not just improve our own performance but influence global changeOur world contends with unprecedented challenges Our future has never been more uncertain Urbanization is dramatically reshaping our communities, our resources are more constrained that ever before, and climate change is accelerating at an astonishing rateWe believe it is time to challenge industry norms and be at our most creative every day  To get there, weve committed to ambitious sustainability goals and we will change the way the world heats and cools buildings and moves refrigerated food, medicines, and other perishablesGlobal change starts when we each have the courage to act  And when we act, we boldy goWont you join us"
67572051,"DataAnalyst","ACL Digital is a designled Digital Experience, Product Innovation, Solutions, and Consulting offerings leader From strategy, to design, implementation, and management we help accelerate innovation and transform businesses Keeping customer journeys and design at the core, it is committed to enable large Enterprises, SMBs and startups to transform A pioneer in delivering Business Innovation, Integration and Transformation through disruptive technologies, ACL Digital brings in competitive advantage, innovation, and fresh perspectives to business challenges With a multicultural and transnational talent and as part of the ALTEN Group comprising over 50000 employees spread across more than 30 countries, it promotes a collaborative knowledgebuilding environment"
67991070,"DataAnalyst","Regal is the Outbound Phone  SMS Sales Platform Build the highestanswering, bestconverting outbound funnel to hit your growth goals Add branded, eventdriven calls and texts that skyrocket your answer rates Give your sales team conversation intelligence and a unified agent desktop to improve on call conversion Get the data to show off your impactLeading brands like SoFi, Ro, Angi, AAA, Assure Health, Kin and Career Karma rely on Regalio and the results speak for themselves  over 3B in revenue driven Regalio is based in NYC and is backed by leading investors including Emergence, Founder Collective and Homebrew"
72130268,"SeniorDataAnalyst,Forecasting","SUD Recruiting is a minority and women owned boutique recruiting agency that provides personalized recruitment solutions for all hiring needs in Data Science, Analytics and StrategyOur recruiters have previously worked as Data Science and Analytics professionals, giving them firsthand experience in understanding roles at all levelsWhether you are a startup or wellestablished business, our experience as data scientists turned recruiters enables us to fully understand your needs and bring you the most coveted talentWe work across any industry where data is being analyzed to make strategic business decisionsBottom line, as subject matter experts, we get data and recruiting Contact me for your hiring needs in:  Data Science  AI  Machine Learning Marketing Analytics  Digital Analytics  Campaign Operations Business Intelligence  Data Engineering  Cloud Infrastructure Automation  DevOps  FullStack Developers Marketing Strategy  Product Management  Research  UX  CX Consumer Credit Risk Healthcare  Provider  Payer  Pharma Analytics Data Security  Data Governance Financial Analysis  Strategy  Economists  Pricing  FPA Supply Chain Optimization Business Analysts  Agile  Scrum"
72559323,"EntryLevelDataAnalyst","We provide organizations the boost they needEstablished in 2009 by proven executives with strong leadership and deep expertise in the global IT services industry, TopGrads One is dedicated to offering clients a true partnership based on service, commitment, and competency We strive to bring value to our clients, whether they have entrusted us with projects large or small, we succeed when clients succeedRecruitmentConsultingUS StaffingTrainingERP Solutions"
72559323,"DataAnalyst","We provide organizations the boost they needEstablished in 2009 by proven executives with strong leadership and deep expertise in the global IT services industry, TopGrads One is dedicated to offering clients a true partnership based on service, commitment, and competency We strive to bring value to our clients, whether they have entrusted us with projects large or small, we succeed when clients succeedRecruitmentConsultingUS StaffingTrainingERP Solutions"
79091671,"DataAnalyst","Buy Bulk  Save CostULess is a warehouse retailer that offers a wide variety of fresh grocery, bulksized essential items and general merchandise products to island communities in the Caribbean and South Pacific"
79383535,"DataAnalyst","Akkodis is a global digital engineering company and Smart Industry leader We enable clients to advance in their digital transformation with Talent, Academy, Consulting, and Solutions services Our 50,000 experts combine bestinclass technologies, RD, and deep sector knowhow for purposeful innovation We are passionate about Engineering a Smarter Future TogetherWith a shared passion for technology and talent, 50,000 engineers and digital experts deliver deep crosssector expertise in 30 countries across North America, EMEA and APAC Akkodis offers broad industry experience, and strong knowhow in key technology sectors such as mobility, software  technology services, robotics, testing, simulations, data security, AI  data analytics The combined IT and engineering expertise brings a unique endtoend solution offering, with four service lines  Consulting, Solutions, Talents and Academy  to support clients in rethinking their product development and business processes, improve productivity, minimize time to market and shape a smarter and more sustainable tomorrow Akkodis is part of the Adecco Groupwwwakkodiscom"
79482021,"ProductionSupportDataAnalyst","Custom Workforce  HR solutions ServicesEhub Global Solutions is an integrated talent solution specialist dedicated to transforming the workplace and helping organizations and individuals unleash their full potentialBacked by domaindriven focus and diverse experience across industries like BFSI, Telecom, Auto, and Engineering, we excel in meeting our clients need for superior IT skillsEhub Global Solutions expert team works against the clock with employers and job seekers to understand their needs, advise them and facilitate a successful match"
79482021,"DataAnalyst","Custom Workforce  HR solutions ServicesEhub Global Solutions is an integrated talent solution specialist dedicated to transforming the workplace and helping organizations and individuals unleash their full potentialBacked by domaindriven focus and diverse experience across industries like BFSI, Telecom, Auto, and Engineering, we excel in meeting our clients need for superior IT skillsEhub Global Solutions expert team works against the clock with employers and job seekers to understand their needs, advise them and facilitate a successful match"
79816265,"DataAnalyst","MethodHub is a global software solutions company that focuses on Cloud, Hyper Automation, ERP, and EAM Services With close to 1000 employees and a presence in 7 countries, MethodHub services midsize to large companies on a range of business models Consulting, Fixed Bid, BOT, and SLAbased"
80911138,"DataAnalystIII","All 29k associates at Regal Rexnord have a shared purpose: Create a better tomorrow by energyefficiently converting power into motion  We are a leading, global manufacturer of airflow, motion control, power transmission, and power generation solutions used in commercial, industrial and residential settingsYou may not know it, but Regal Rexnord impacts your life every day  Our products enable the fans in HVAC systems that keep us comfortable the power source that keeps smart buildings running the agricultural and food service equipment that keeps us fed and the conveyor systems that keep ecommerce flowing Regal Rexnord is comprised of four operating segments: Motion Control Solutions, Climate Solutions, Commercial Systems and Industrial Systems Regal Rexnord is headquartered in Milwaukee, Wisconsin and has manufacturing, sales, and service facilities worldwide For more information, visit RegalRexnordcom"
95073063,"DataAnalyst","At Tree Top Staffing, we take pride in helping job seekers find their ideal role and employers find the right candidate for their company Our organization is instantiated by experienced professionals providing full service employment solutions including: contract, contracttohire, and directhire placements within multiple lines of businessOur Approach:We adhere to a set of 4 defining principles encapsulating:ServitudeAccountabilityIntegrityDisciplineIf you make a promise, keep it, as your actions prove your greatness Our goal at Tree Top Staffing is to set our clients and consultants up for success It is imperative to ensure an allaround fit from both sides for long term relations to thrive "
95073063,"DataAnalyst","At Tree Top Staffing, we take pride in helping job seekers find their ideal role and employers find the right candidate for their company Our organization is instantiated by experienced professionals providing full service employment solutions including: contract, contracttohire, and directhire placements within multiple lines of businessOur Approach:We adhere to a set of 4 defining principles encapsulating:ServitudeAccountabilityIntegrityDisciplineIf you make a promise, keep it, as your actions prove your greatness Our goal at Tree Top Staffing is to set our clients and consultants up for success It is imperative to ensure an allaround fit from both sides for long term relations to thrive "
98707371,"DataAnalyst,Product"," InterviewSpark is a SaaS elearning platform focusing on AIdriven interview preparation tailored for young professionals It conducts realistic mock interviews and offers actionable, datadriven feedback, ensuring youre always a step ahead With our advanced AIdriven system, users can instantly participate in tailored mock interviews from over 1,000 curated questions Leveraging the power of machine learning and natural language processing, InterviewSpark instantly conducts mock interviews, offering users immediate, databacked feedback By making interview preparation accessible and efficient, were changing how young job seekers secure their dream roles"
