"title","location","total_count"
"DataAnalyst","United States","6"
"DataAnalyst","McLean, VA","3"
"BusinessDataAnalyst","Miami, FL","2"
"DataAnalyst","Oklahoma City, OK","2"
"DataAnalyst","Richmond, VA","2"
"DataAnalyst","Boca Raton, FL","1"
"DataAnalyst","Chicago, IL","1"
"DataAnalyst","Fort Worth, TX","1"
"DataAnalyst","Hawaii, United States","1"
"DataAnalyst","Houston, TX","1"
"DataAnalyst","Irving, TX","1"
"DataAnalyst","Manhattan, NY","1"
"DataAnalyst","Minneapolis, MN","1"
"DataAnalyst","Nashville Metropolitan Area","1"
"DataAnalyst","New York City Metropolitan Area","1"
"DataAnalyst","Omaha, NE","1"
"DataAnalyst","Pittsburgh, PA","1"
"DataAnalyst","Portland, ME","1"
"DataAnalyst","Suffern, NY","1"
"EntryLevelDataAnalyst","United States","1"
"FundAdministrationDataAnalyst","Nashville, TN","1"
"HealthcareDataAnalyst","Little Chicago, WI","1"
"HealthcareDataAnalyst","San Diego, CA","1"
"InventoryandMasterDataAnalyst","La Vergne, TN","1"
"LegalStudentEmployeeOperationsDataAnalyst","Knoxville, TN","1"
"ManufacturingDataAnalyst","Austin, Texas Metropolitan Area","1"
"MasterDataAnalyst","Akron, OH","1"
"MSSupport/VBAAccessDataAnalyst","Honolulu, HI","1"
"PhysicianAssistantorNursePractitionerClinicalDataAnalyst","Hartford, CT","1"
"PricingDataAnalyst","Charlotte, NC","1"
"ProductDataAnalyst","United States","1"
"ProductionSupportDataAnalyst","Alpharetta, GA","1"
"RCMDataAnalyst","Burlington, NC","1"
"SearchEngineOptimizationDataAnalyst","Detroit Metropolitan Area","1"
"SeniorDataAnalyst","California, United States","1"
"SeniorDataAnalyst","Dallas, TX","1"
"SeniorDataAnalyst","Fort Worth, TX","1"
"SeniorDataAnalyst","Greater Minneapolis-St. Paul Area","1"
"SeniorDataAnalyst","Indianapolis, IN","1"
"SeniorDataAnalyst","Memphis, TN","1"
"SeniorDataAnalyst","San Diego, CA","1"
"SeniorDataAnalyst","United States","1"
"SeniorMarketingDataAnalyst","United States","1"
"SeniorSupplyChainDataAnalyst","Irvine, CA","1"
"SrDataAnalyst","Plano, TX","1"
"SupplyChainDataAnalyst","Charlotte, NC","1"
"Associate,FinancialDataAnalyst","Melville, NY","1"
"VulnerabilityDataAnalyst","Charlotte, NC","1"
"AssociateDataAnalyst","Hillsboro, OR","1"
"BusinessDataAnalyst","Charlotte, NC","1"
"BusinessDataAnalyst","United States","1"
"DataAnalyst","Beaverton, OR","1"
